GDP_Growth,Inflation,Interest_Rate,Unemployment_Rate,Market_Return,FX_Rate,Oil_Price,Portfolio_Exposure,Market_Volatility,Stress_Level
4.331586504129518,4.133137496871058,6.6935783260857065,8.141386910034619,-0.6121658848779921,88.05300890437982,87.05960044135837,101244.0,21.23443659149922,2
3.7152789743984056,5.202743873969904,4.170216699299373,5.974249615297179,0.9382291308985564,81.43066564704242,87.22986832552472,95413.0,20.230485285431282,1
1.4545997078887318,2.9752470329547163,6.28885925878533,7.55156484597676,6.225925137730632,81.44232015450133,97.58472924542782,43803.0,19.17324708520221,2
2.991616150071478,4.160399162942559,6.65317558276687,6.221436915761375,0.2739954014505134,86.70203017130547,74.46890659186177,67117.78391959799,18.70380323486766,2
3.621335973890481,2.869524712860659,3.547583795816113,8.297058830083426,6.644016892489111,86.73515605712606,73.9397092362262,67906.0,21.41237666068242,2
3.0870528858561865,2.0587003189775723,6.65240591189005,6.951142922026785,-8.026734305815873,84.73362904228958,81.90472614446462,21956.0,16.554463916079854,2
3.26551158569212,4.986597816897998,8.096729078740307,9.616974309033676,-1.522000330978909,77.13954560332652,86.40702080479602,43296.0,23.76268842736429,2
3.1085485257149696,4.02822736729912,5.934257395772336,6.9697386246566815,7.52927904116858,84.12624495914595,67.42797227867497,107694.0,20.668028784577533,2
3.004291430934033,3.177632402169335,4.662822896949537,7.6854527975242,-0.4832710087894392,82.9817159329606,79.40297398718468,80825.0,27.81074787271129,2
2.825399789407059,2.4134482391521512,5.134659987768827,8.745260330825811,-7.325053532482827,83.00795121635934,75.07136980511235,113008.0,37.21583133396698,2
3.433026189953598,3.5985271806282797,5.887576697802019,7.754794010854106,-6.93555651042155,82.29634398082429,94.65512690043695,60497.0,15.815879137137628,0
4.203037373812212,5.342179284255025,5.217335327721014,5.986681237825231,-4.544039109349772,78.16759932716668,95.92964290667986,44646.0,13.28984382479428,1
3.0870528858561865,4.402469093488447,5.934257395772336,7.966032259636941,-7.87434843986436,89.29867582308906,80.49792365162719,51701.0,14.642273079427364,2
4.028274077982704,3.6272385835631327,8.194066489002756,8.953812061373604,2.972091044511465,75.28021846966264,90.20981928071208,68431.0,19.7950998100172,2
3.22863013012466,3.327976563531654,5.299646067697373,8.693682572396433,-0.6121658848779921,77.54236431042568,60.63796712200266,49010.0,18.72037601931467,0
3.445137612830348,4.105812082795755,5.731470448700442,6.9697386246566815,-4.928269813539269,82.23660410754253,75.71613840115825,82144.0,13.033352226978296,2
1.863397788168956,2.452694609082471,7.387121451767883,6.690956450549464,-8.343903481183535,80.7371948993336,66.29163708895243,43070.0,20.931660243234177,0
3.1351368784486358,5.344806510628231,6.352867147493361,10.660294300360093,-8.239456037765141,83.88172850063756,77.92272386833962,28129.0,5.571943878346183,2
4.484537001836582,4.503189181636489,5.267087616676943,8.858222591086705,-3.417310159798741,85.1055696183242,88.74976427545839,49079.0,10.723847324137305,2
1.920195114214724,5.194350602463246,5.860527687614868,9.7650749734428,-7.40960026482615,77.74150558403292,74.23029682174752,115089.0,15.602098527463372,2
1.022271719342093,4.016258646153712,6.803102073342391,5.69547728291571,2.865585901424628,81.26956424808729,80.0421672451923,68049.0,21.11985868640115,2
1.2566277041010927,4.854828756312668,6.826267051662832,9.845706690501745,-4.736874839479232,82.84579143647854,99.6904419430424,63247.0,16.717318982166468,1
3.266070164000551,4.687904725661524,5.7127169197511245,4.082311247382419,-3.313411659467273,76.6690989659252,85.11877661449282,23871.0,16.948976549184785,2
5.384967330711097,2.466931281709818,7.192046441587644,7.955297888527919,5.025821522614801,81.16972029989655,79.49279274094222,30609.0,20.230485285431282,0
4.123691253409423,4.148960700976888,7.177644748588794,7.058801588209449,1.6363069011965117,81.96868313770055,79.22388304069176,39367.0,26.86539890467741,2
4.672622213307828,4.315111168221667,5.268413374579239,7.323625572299509,0.7575328535457189,83.46106496522742,61.54673633761024,33907.0,19.95132735809169,2
3.099149215835244,3.425082335947554,4.491202702747772,6.178152796468422,-0.1551505301887031,80.3998880685286,84.98539066639559,62459.0,19.86289691192108,0
4.397996377093575,3.639828865570548,6.49136304835785,8.861671269326774,-6.7460533221051024,86.53010194852921,77.67798372084025,47394.0,11.804902591137822,2
2.728752012034219,4.436185296532739,6.86857267527129,8.076537296669011,1.8094367336352,81.60553482951819,65.72330304993181,112058.0,24.83517601881216,2
3.6132041848596392,3.962082117986966,5.310111678156294,7.390385592234381,12.711548613835792,81.1559112270179,71.19712273679103,47448.0,18.61878972278138,2
2.7326828113264314,2.9952836474739044,5.346276129196448,11.131251436283875,-1.5777968232562758,75.67904909980622,62.23995586176942,80565.0,31.615822027803013,2
2.450690985894521,4.591453086630322,6.804402827621363,9.084104828583673,-6.020327662114431,78.28134310431061,100.5852735957388,38034.0,22.1804058079834,2
3.1327082957599512,4.227817363845208,6.235522475176158,7.366636835744147,-9.10677735102676,79.60838556330482,64.20747663086215,37892.0,25.754997110616472,2
2.523857985072663,4.016258646153712,8.038183708474943,6.977023007463721,-11.531969421636832,76.26811734667035,99.14100729300048,108307.0,10.656588277768844,2
4.308473080863478,4.095763236737718,6.773017867696787,3.0257917012276625,-2.0600714933567343,80.13216572694884,76.50851875571246,99426.0,19.477428882536984,0
3.195013279233093,4.449021730693823,9.57618693455083,5.718335414958604,-3.2421859881426114,78.42342092053536,81.06141721422388,101938.0,33.456238917194646,0
3.400209988252348,3.713997992340346,6.793785401714731,6.037210896742491,6.271017030466735,82.29634398082429,83.31100821506853,53806.0,31.761650339029988,2
2.662367662914469,3.13724170060299,4.655784245295599,5.378176378746515,-0.4796114228148785,85.58111833412028,90.11905840445472,35740.0,18.7628972307605,2
4.256472263755155,3.2581751612295924,5.703284823919259,6.782252909407132,3.9683697875150186,86.79851759011196,62.83184417576959,32662.0,11.72277326324085,2
2.268030497998792,5.105575136158065,5.856786252228962,10.641561307414428,3.7403304679315807,83.52641840656482,81.68431969098278,62359.0,11.568228692839336,2
3.660231551226313,1.9822813473255836,3.47933112149028,8.028139889237224,7.191610984951014,82.36069145578013,59.50389473171805,20439.0,7.724049183281039,1
2.6491281085601286,4.540540713101263,7.01506229324147,6.530665076765928,-1.8526848827860949,81.850205521652,84.09693325529159,69008.0,28.73286009825221,2
2.060566640237449,2.5577011173853808,6.091091735318098,4.828842723053848,5.821007933229866,72.66730387740381,73.85946838385902,59968.0,33.6057874947838,2
2.5106627831153485,2.3911496371618832,5.965438217440128,8.90349192822997,2.7062772804802018,81.73220166330377,77.05291001199085,72522.0,22.316685475296214,2
2.1954088577300457,2.993431438203991,5.170022358605304,6.53921557341076,-6.3762403256159175,76.18756358902098,92.41652189539964,97463.0,17.708127505987136,2
2.787302361289488,3.742466375198534,4.340815145575686,10.739975648866375,-6.150852219991256,78.1140837116555,61.79455873957248,77993.0,22.33274349454617,2
2.660859753936565,4.73050744713953,5.674297658415189,7.315449954418219,2.517684143831893,76.4096468691067,79.36496431230424,26176.0,16.801724942991267,2
3.312169936313222,2.3015985088380866,4.6868664347941085,9.867273052472664,-1.891993677493816,82.34356834779068,84.80567462955055,93548.0,26.45186134469517,0
3.565152669656628,5.674075545591212,6.016172143497946,7.945278857148541,-13.264526470316405,92.6027595235772,82.04832588416224,110945.0,32.97718386077003,2
2.85257974227298,5.163723700168369,4.640629768914233,7.151317839827696,1.540739010117088,80.06032094144165,99.83241586238748,57447.0,21.08618432517308,0
2.9740946631838137,3.8674264073484954,3.87637018387592,7.25228973313156,1.5631761313088566,87.48039690466324,79.49279274094222,61299.0,12.824291171697029,1
3.289094203803935,3.709754191387536,6.142062466882996,8.251163884096151,1.1890794862589629,83.81880466007351,69.17381392824134,94827.0,18.76605920984704,2
2.460120928667299,3.0464675823835266,6.29070091580925,6.946154721305627,9.155112240962978,88.31421310654258,75.75079283475313,110268.0,26.19138332050806,1
3.7081600199266034,4.588040593808861,6.814852628467737,3.865103987557648,-2.389633521558264,86.78472028204783,78.23558077283118,75864.0,16.925519772866547,2
3.842224738382656,4.068801470742233,6.084503669066354,3.230299655299045,-9.218371252631783,74.64330168513254,90.067827942143,49461.0,24.673220411284355,2
3.203580797327479,5.4120643044236445,8.198482507629356,5.564975567996909,3.8048943886798767,86.43752526712038,88.28614830752721,52062.0,11.743500348119872,2
5.394703664884535,3.313784385120885,5.046046182625744,5.364127247697066,0.9294168353387586,84.19271005267679,83.31591234664783,55306.0,11.727845001538258,0
3.917458937510429,4.547943926840666,7.664257842688141,7.418742178724862,3.6040606642074935,77.39311801675984,84.66090638925884,118093.0,21.312766796187063,0
2.88772752880584,3.963617462197785,4.511051273760537,6.73875815445582,3.8837129147432914,83.63886158530487,83.45375753283113,37369.0,21.178689822089147,0
2.63781955285776,3.1529837469551465,4.97648778970681,7.9859704095603,0.8973864308824672,76.2880499577718,84.08936200064524,95612.0,14.756660245378477,2
2.7678177440559093,5.902304041632004,5.386096199084088,6.554467858995567,-3.308055408395085,82.78357328770743,83.41453301990722,79039.0,7.954718289039839,2
2.498271100405133,4.279605392180011,5.628787090398567,8.123744929935937,-0.3930144732774513,86.63281009326371,99.60516650899775,41332.0,28.791828679938757,0
4.128785153109877,4.620254501513469,8.291776679097566,7.676118689423767,-0.9487003778123484,82.95741172524204,90.48476260904488,53073.0,21.70921860651189,0
2.302189969528285,2.9314322915321167,5.025842443639326,9.207745806485969,-2.7378910749667176,77.17145078807548,89.360882629685,45667.0,14.688913093428692,2
2.9188778161830538,3.277379266493881,4.096476710850634,5.199400878308921,0.9412326774930806,80.80987920987698,87.03271070870923,80037.0,11.10069298390816,1
2.470703919000512,4.084139555391751,7.132314106089811,3.1979725282578704,-0.7187686051856739,83.39258178145491,87.9620261200055,34729.0,19.11921677485829,2
4.046182856808264,3.415544843374632,5.964137336098919,5.758291336057573,0.2924562630820944,85.27314732445444,65.73291157521207,86826.0,15.423575017860056,2
1.5814439707766053,4.6020222707537135,3.663686291953508,8.456986929249632,-6.541071499209252,82.8020027856248,85.12802797795482,101457.0,22.79788285243072,2
2.6375008168443594,4.438365239169691,6.519527364920783,5.683119569435269,-1.713813881735403,80.5378417287548,71.59539600217833,95185.0,17.022392285082724,2
2.8780943088381115,3.217656805688662,7.413546746185216,6.041930868814837,-6.879191254757978,79.78334391772601,98.2761020754941,70270.0,26.70300603105173,2
3.319356421091224,4.192935984169127,5.421784774940926,4.421750597412503,-6.350990926299478,83.92681935734433,82.32796346406354,27820.0,26.837517315458896,2
3.4609029016717185,4.004024911987938,8.34031317145085,5.0516008154837255,8.26079005133787,88.53801069791248,82.99175395155227,81164.0,24.9781653169034,0
2.784210107669478,3.8359247093226,8.31774263987529,6.611794935579889,-6.101095555337481,84.80824540638365,96.21097722610864,110514.0,17.856633936964727,2
3.989072457499439,2.85118773559214,4.962468518813152,3.506528315008524,2.91359862233234,79.42693378739449,71.63699057420622,26309.0,22.061247213403547,2
3.314753778811734,3.1644914960297488,7.296777708190424,6.698045895898362,-10.104464417466437,86.96444944111215,66.25715062351556,79676.0,18.440644752137093,2
3.0870528858561865,4.210450728379387,2.8533121900893823,7.03584638178781,-0.6213810227212311,81.61034672664903,84.23824557463014,49691.0,19.23313025613827,2
1.4916785128367842,5.01398463074969,6.255442042212885,6.603358993117032,6.257350276557816,87.97815044052263,85.0240580745384,75448.0,20.65086496722182,2
3.620600663008613,3.029802177023757,4.86325552147362,7.249292322921546,4.70913440762588,81.7015213483422,86.11422811459214,50651.0,24.491746819525574,2
1.9548674624855624,5.217181559143887,7.451715624226789,5.672498150676896,-4.448935409277657,86.37410651550296,77.21025647065623,29640.0,24.828316279442927,0
2.201991182327756,4.18264737856905,4.688212432961402,9.563147681269394,4.762447489329577,80.75804204536304,83.36971867490841,25255.0,17.693587622393636,2
4.985084591425731,2.730180408197117,7.541760585100244,8.584478966534437,-2.2344944745894706,81.42010193238576,74.66896571166082,83615.0,21.448063664525677,1
4.744814148339302,4.323389929721666,4.79566555734297,5.417796093803812,-5.803956537669606,87.76590350425758,65.98422657088125,38815.0,18.983637859480137,2
1.143814519388852,4.885774857604897,5.357544888480472,6.846789986561321,-7.246015442725673,76.90533961518844,87.22504401117887,42507.0,15.158497070463078,2
2.7772263008970004,4.264394691630712,4.866876249284374,5.671525343441604,-12.047851155703867,82.96082970684043,81.16877089475739,84665.0,15.893686441015085,2
2.934152152288799,6.319127317627481,6.330745348420118,9.543641247787102,2.8169772364006227,79.71403917611914,66.57265908152756,45615.0,10.647688266500394,2
0.868287891518396,4.308667673187793,3.9403287230173656,6.760894034197863,4.653925329990827,83.16168902562589,65.32235643700766,96956.0,12.460309570467023,0
2.9511694886612467,4.892564031515495,6.970137505931568,4.598042776095012,10.02639895215312,82.48776984129864,68.60948442768228,42220.0,28.68498238464122,2
3.39334121708174,4.011022696775799,4.989747278970501,8.692370190542087,-2.1074398757775006,91.27022829958032,83.69395939872018,37245.0,15.244582875017429,0
3.21726514511804,4.980074128001983,9.36279975381496,8.22245956573514,-1.9661981914054605,83.41045182901212,70.73266130215092,111077.0,26.4184035131554,2
1.0056062302589426,1.6044279866082016,5.630269319104283,6.592793842279005,-3.3532913608889325,77.14759895982627,82.93493828047768,54261.0,27.87780199097712,1
4.10770823478265,3.1424774849603123,4.854593491764978,5.951652353400174,1.8736198567251403,80.37865050248232,66.24217080957854,64734.0,22.342116128589247,0
3.2445439766479898,3.6357219137503214,6.721183114639788,6.162851953778232,0.940293524593122,84.86715350508341,77.43384032933156,95973.0,20.230485285431282,2
2.9380879705075955,4.503926901210353,4.752301195800436,6.876167574569783,-9.03016048612978,80.76442237622801,84.11926290534093,50024.0,16.262531684121218,2
2.246107039252301,4.188331214581669,6.889783846934173,4.882303416044687,2.8628738911430465,84.87031302871969,71.35813195979796,106879.0,20.846621302147422,2
3.71195901651984,5.085227073656096,5.326831291122399,10.6104911549365,3.4260441942499487,87.49349399406081,73.05844389580206,108757.0,29.52452335693764,2
3.9182691514794152,4.356939067005643,6.731543907265627,6.85195355206439,1.524416736831167,85.89968020590537,66.59117696408387,106688.0,31.407723654576483,2
2.517906861164521,4.207329567390122,6.084472094181154,11.40977139596865,-1.4474329004125397,77.5762787893702,90.39977957727156,42173.0,21.7694388680757,2
3.0895876125895163,3.8549354626749226,6.818676697931125,6.09582142616637,-11.501319563725223,79.7152404827839,75.09360479418726,96633.0,17.613078577270812,1
3.826998622662265,4.163904252678432,4.975316398385642,6.581128079436486,0.6071705078813967,82.3474930741952,80.30407754931568,33954.0,13.694943938347448,2
1.0454878799984948,4.829512484397242,5.011474037497124,6.410631284655717,-0.6408165675890424,74.8808126837151,62.2116684024425,60478.0,33.14498789331398,2
3.117475661026638,4.755299957952175,8.158880592747181,8.812984327490025,-2.7959033376895865,84.86254535743936,73.97290194269767,115942.0,31.67065049215941,2
1.0925431118755995,4.879485690557663,8.073219937485096,8.998508985795741,0.4066035792051259,80.9482083501711,80.52266499412964,36081.0,15.227116670909137,0
2.077090735151054,3.760043701171095,7.381980646771845,7.630768615625715,-1.3468006192136903,81.30353278674625,87.06558653982684,81879.0,9.119643281742686,2
3.469751434083043,3.304943354592664,5.140669167333725,9.275598933903492,0.4304298340180934,83.41556351221354,80.77037610445342,53360.0,16.3177697862246,2
2.8556332369730364,3.528599917036312,7.9125736514000256,9.31619272839103,-0.7005693765510951,79.65094869675028,62.29660693061922,24344.0,18.82831934721542,2
2.5998616480142718,4.349476408667366,5.506751939999961,8.999521037771864,-2.8191519271504912,88.04781539961617,79.49859364443306,37359.0,10.690273533742497,2
2.704016147060788,5.6114572939933485,5.780488791773396,6.167102764914849,-6.65525096842086,85.01964552257229,79.83877113366688,76431.0,24.281439052331425,2
3.848208609021656,4.23933926643124,7.587654963758898,4.712447194383357,-7.430756353048925,76.74817557533153,83.92225086429379,97282.0,19.831448187988205,2
3.706830454751635,4.48500262814728,5.833379336059053,3.7471063671817264,2.0483259235547173,82.21910960774287,85.01636536039955,107295.0,23.156446118675067,2
2.2127310737528134,2.341395293426705,5.9416783003555285,4.082421157793615,-0.2218051868507655,79.86077201679872,70.72637901945306,52676.0,28.10416800435232,2
3.292940724831966,4.016258646153712,5.5164547616415565,6.368349291531133,2.4417581650007616,85.22556397521653,79.28299614182528,85718.0,17.771745298836006,0
2.5291927485144825,2.8964778687387738,5.001351403223515,4.422128377661757,2.619209752817733,84.9981925783901,86.31838827961775,53280.0,22.52792308879233,1
5.40432560593735,5.81778260871434,4.943069993298607,6.783280034273241,-0.7734257154618169,87.51735251945277,87.70418970404164,60635.0,19.61287248554101,1
2.260643261491328,3.443952658358697,5.469355903947217,9.986466658615466,11.493915533509492,80.11362154588947,70.72092498861753,26301.0,15.794997153299365,1
2.6871712426629104,4.957711239687686,6.227891131283811,6.687812835148024,-3.0136586526967486,80.89877193930668,72.41275030878646,22783.0,23.79836463848048,2
2.651118081782507,4.815220681428419,5.543699744732475,3.2167092066567022,0.4061616518946942,82.95526896975574,82.45330708014507,28801.0,17.793681494272423,2
2.5609737637799856,4.064319399754012,4.231718446254824,8.680732314939313,-3.0451799606728125,83.40209877107112,76.3288533619369,35598.0,26.78597791059057,1
3.141104168064432,3.833594628486264,5.776300940091492,6.549602324631654,-2.1542629397098563,79.41337488029914,77.12415547869031,26727.0,19.286454031415925,2
3.273049320095311,3.059290225007163,5.662354724483099,6.001159508233389,-6.202776405045496,84.85935096932874,88.46674923405813,64596.0,27.99767969685349,2
1.381429252184205,3.946405498276902,6.105231560660211,6.457964199542404,4.080271187928337,81.70748864222583,81.49455494601858,88024.0,18.865694172505734,1
2.4268866384404104,5.101136203144325,6.678100842859669,4.349268256504204,-3.180015385581757,72.15110968414007,85.82894819334754,56890.0,15.188099064950144,0
1.6795524541085445,4.372122545405575,6.441103886792823,7.037096271571391,3.93358194576992,72.35507371282918,86.13893072377715,59111.0,21.75588794091852,2
4.236205326186816,3.1165390129062542,4.758734980685548,8.509109838098768,6.384771876203149,78.01621215097394,69.28152051953471,58307.0,20.223689183044456,0
3.0870528858561865,5.158051571697564,4.757293174654742,4.950394620316493,-0.1275895122633567,88.11156069929604,87.38393362818758,86279.0,23.133972735724644,1
4.383232229535518,2.796346508405744,5.261238804893082,8.139867084705305,-3.188519745526829,85.64803854785731,79.53555135338615,114941.0,29.061221729883304,2
3.346233115351183,4.209839141871743,4.8725693386163424,8.218420815495929,1.858573342298456,83.34132783057494,63.90499630176211,34631.0,31.06419329518624,2
4.022516107234136,3.10881307787132,3.61742877606705,5.863369659601885,3.392317493542773,80.3774936247727,82.37045620761332,60348.0,20.22062733671185,2
3.1668102670197324,3.217312253008668,5.296903930072476,9.018392079317968,3.8966762129075527,81.55647054990816,82.36444269027197,93195.0,12.634654573455297,2
4.656716624478292,5.079730677795707,3.8533222988995206,4.6825646791674655,-7.965534960507144,84.24064150646895,83.59255487514905,36512.0,15.477211969694531,2
3.667889608833442,3.5371591144037318,4.104754704742904,7.879465348407102,9.03011956530348,80.49072767294248,74.83469813463694,80429.0,5.3518306675440215,2
2.770053356225277,2.484924320649972,4.139627051781659,6.712915120757847,-5.27286905692109,87.17891602412499,89.85026770226837,88443.0,13.384235816623775,0
1.8704488055662083,3.4612814682226736,4.420326039804672,6.835038877505745,-8.281294048687002,88.03749183418367,72.207419525127,103252.0,23.039832694805558,2
2.3600373957715024,4.756621857728178,4.30170339345339,7.777156039944312,3.69191967000077,86.41332503133349,76.04115845594775,118324.0,23.827994080834124,2
3.313830521559006,3.270600777528749,4.633580916289455,7.427569439450507,-2.0672926624636774,79.6319251145728,90.83184851031112,40595.0,26.123131893500357,1
1.7741640192619452,5.214782650080172,5.609640171641651,3.074962965232355,0.6565995346952802,81.46479831021324,84.93294453083392,84781.0,9.495419230446933,2
2.778206863600506,5.008282966705224,7.221981779087794,4.406275748459169,1.2916676101156082,81.76091648117425,82.32256999140533,67535.0,27.00417357956686,1
4.339926309957553,4.07328300892673,3.978987790837638,4.83880700709109,10.322321221819,83.1722495039328,97.283885855093,46770.0,25.588663506560177,2
3.0293097109431697,5.173732413422804,7.589292489126667,6.527905296298532,0.89653355236721,76.35667429202975,77.66257401524382,42452.0,25.102526047651477,2
4.9853857460893884,5.862951667320956,6.786811103748263,8.56009261890249,2.8181519022884576,87.01703096411491,61.52918401560736,24700.0,10.122248634679057,2
4.447165600668223,2.016363502351031,6.800233532173956,9.11763404342238,-2.0359327051955005,78.43889368401207,82.17893947022,77778.0,21.68862546276512,2
2.712370586349419,5.156688930108264,5.61966297295926,8.343481867155083,-4.229465360842658,82.68405417582107,75.99232032794718,78462.0,18.93914515646247,2
1.6406894268940009,4.609282266282364,6.288183439641291,7.3502789991601665,5.172155095422154,82.23502152089604,76.55985349859125,85285.0,6.674970246911276,2
2.9519586747705797,3.676798767526994,6.844382689133259,5.059473468861511,3.527098033532315,81.16936158478582,71.00378165901228,108290.0,22.064336631998003,2
2.519212659867976,4.664145606928328,6.941176452935086,9.36270366357678,9.452052509471594,86.65434318116748,69.7070050300315,34505.0,23.29243167579295,2
3.3777530859653417,4.396725993091632,5.490077066998472,7.211872747048076,-4.625322115232162,83.47686404518703,73.65445932931391,80538.0,20.65191161607196,2
4.614407974145465,3.423883139125455,7.105768471680934,4.523964945169919,2.2276849958096,85.61909568503127,83.91864483315668,90055.0,20.025533703983907,2
1.876895964775617,5.488218392078015,7.804354383390287,5.760108200457392,4.628818499371453,85.04924939236764,68.24189841084066,69915.0,13.83266647376589,2
2.6112720531451887,4.140246866805074,7.4558392900033,9.436120218474176,-10.011795995609573,79.27377008402631,84.9311447756195,38207.0,13.97518817684679,2
3.3323499495315168,5.188316753984644,7.055818081254986,9.86780286028875,-7.645010440749298,87.51129384223134,74.56044362429269,80065.0,9.178473456205754,2
4.134973173081906,3.754254612451621,5.092518423117586,5.128181002518682,2.9530064940882785,86.73821916429667,81.52856962366813,30031.0,21.374576048868523,1
3.5107144113978626,2.364413381990839,6.007065816688474,11.216076016983376,1.3909333948278697,78.07174690146684,95.05063062103576,67061.0,19.11439055277833,0
3.4142976411940094,4.244798088545986,6.220550909825874,8.8234167339605,-3.832154892230624,80.9981567234056,75.25949742381545,116131.0,30.85987518965247,1
4.344549423365941,3.764917770190986,5.306191324119628,8.136334155622222,5.465594330501787,80.721316136033,82.0955102657766,61769.0,31.098623050175103,1
3.4935153172482885,2.73917219434586,6.3278382479126565,4.661064657978367,-5.372851415461311,83.28957002727077,78.64521552324916,31403.0,34.080188379903674,0
2.762995815476519,2.308032071223192,6.253130413128525,11.30394101157569,-8.643433808857337,83.87164797580445,89.91433642357661,114756.0,13.881472482816,2
3.057285150156018,4.616450922404873,5.925004232742585,6.893550217619359,0.5098972310706238,91.29619498177254,64.94008312840442,63056.0,5.910604765916094,2
2.2929285529328363,5.269691281673293,5.775140781608084,5.496456196872653,0.7930088967759963,78.70418913480223,83.95249524273503,46907.0,9.038225042614188,0
3.5466648375345344,5.397337976617336,5.947007906538829,6.132454635860613,5.677791985462807,80.79152206217883,75.05921851862286,71662.0,17.610350315100856,1
3.94250040894014,4.534224962267124,6.050424801874395,6.790246432067046,1.3453646372157422,86.94373394012659,66.47673548893886,90186.0,20.28800661650236,2
3.0870528858561865,4.004102038558738,5.450136014633077,5.0191522219300815,5.001088129047506,86.76277669110382,70.70181709333835,96978.0,20.49808614275065,1
4.218148850351048,4.189419842289393,5.363682868814222,8.22795607699441,-5.813935504572541,79.00041588078851,74.63445733395295,57398.0,30.865928839783862,1
2.9434792769174094,4.044774685416949,5.923725524853643,6.765573056245634,5.185023289807938,85.26088809314706,81.61260212569626,56124.0,20.43411494004758,2
3.460888452398866,4.794685274336776,4.314368695534926,3.5353571558461367,-6.266298879688982,80.54847432258777,82.72978561015879,90149.0,25.0252561349167,2
3.662374011724633,3.506859258559055,3.2139627513151217,5.252396565620419,6.167033572934738,84.57291365639296,88.06507603258343,40506.0,26.32866571643295,1
3.0870528858561865,2.738410261000268,5.6752126022040725,4.730609354369356,-1.180966288065491,84.62425610724569,71.17635463187814,40054.0,11.637343657403749,0
1.8040706885364823,3.780739735997001,4.231193246525795,5.384407348541076,-0.0490067254921083,88.95234406297575,79.19719419637103,67991.0,18.26711232815663,2
2.666898837862165,4.197272223845526,8.467141697810057,5.900704759094243,-2.484716983921337,75.90861698846582,81.34820130619137,87426.0,24.725981853950785,2
2.208609229032556,3.744719545955715,7.085143794923519,7.374912883382898,-0.7728824524996689,78.88638560004257,87.44463421906372,113500.0,30.125716270539968,0
3.274172780760107,4.025807591506508,7.872223944054514,6.410683847520305,-1.9144780737839373,84.31853222308958,69.91043231787687,100791.0,31.25635720132672,2
2.4850900775287483,6.200966437641787,7.099088655339876,6.626157388216169,-8.768481853872402,77.7586578901216,78.53409819654931,57845.0,38.19056745090619,2
1.2889288028457355,4.884367603492543,5.518465893143243,5.501505529413478,-4.970464196970713,79.80460575916638,65.05780364903487,56874.0,21.133490654578683,2
3.6122973124985513,2.6131774653888584,6.751342450400358,8.373696811977936,-3.75180929134211,85.7675783223627,77.04102059408096,92929.0,13.196883237168311,0
4.100129374013329,4.653662314329918,6.779913466837371,6.445859215746493,1.60071608990261,78.6226300977057,68.78926458953086,67916.0,15.762958699949928,2
3.564352526386118,1.8233913653469984,3.9331862561421658,10.980011024875862,3.156088157658876,79.67357733240404,71.51595451571112,63865.0,24.111336435015296,2
2.28720056317294,4.618948924394426,7.177065968534265,5.212720094854761,-1.8485543505874773,81.9841115210913,82.6985337554375,82766.0,14.545925047570906,0
2.739140521445825,4.477234303111199,4.655538499417418,6.917974990194153,2.304226712992285,76.07836023288166,78.42932748752544,68109.0,30.232537889647183,2
3.5484280662958247,4.026096528136701,4.232493101844704,9.600538109892248,2.7041500935708,90.66104995612962,72.72535572368822,79843.0,2.286991697341488,0
3.603199050230592,3.0302943271952,7.111781108262255,4.707808347323791,-1.856613751847874,77.50434603583115,92.72724211868112,40346.0,11.66437338971649,2
4.006861138624823,3.016271875966483,5.140726002648365,5.098102025408813,-14.605252049339972,74.21793456022353,89.26106936669629,56557.0,27.588329754744613,2
2.705573992610057,4.412532715661578,4.558491985424874,4.76868169819585,0.2092827467059469,81.50795577871823,79.5194258415629,69633.0,24.742858416632103,2
1.5791194848457657,3.385695153662464,7.781876991597398,6.740265819052087,8.724110054590497,80.09741946318977,73.13725977523703,31478.0,31.38613800930691,0
2.321053225379959,4.837081775372804,3.350752499216719,6.413822121512369,-3.2415385285191283,85.16875901078211,85.78958496205082,79326.0,23.577651603789388,0
3.533884809310875,3.376380991722184,4.844382514034137,7.427058256839795,4.440912233020741,86.19692188575603,75.34706799333098,105131.0,15.908642215535512,1
3.743974403785925,3.636813798572831,7.686362873407432,9.236061608526942,-4.249739631499027,76.00334967174932,78.28582665729282,75276.0,27.42444786856392,2
5.225049638823195,4.7594713311328745,5.934257395772336,4.687072694515754,-3.9463684206073806,77.69523613034502,85.11588764461604,45259.0,21.60185861396144,2
3.117181420194483,3.9660730003229183,6.096668250102088,6.229078196237166,12.666591220610396,77.91894860438052,77.66472324133996,72233.0,31.556503132540502,2
3.24461452026499,3.833599307281539,7.370226470663403,7.7986547472376335,-0.4378016210642677,90.87308397869796,57.54442636790752,86576.0,19.355329421737142,2
2.8227011773544324,4.269572423418876,4.504490684868359,1.9770618018850763,-5.65435876258163,81.57552827130203,81.18742437714275,80083.0,16.250240253450777,1
2.594270472350908,4.375305551056122,9.112573004416827,5.946783931905355,6.870051946533346,88.2797100252885,91.81769049685936,119815.0,14.935767372750467,1
3.781775190375615,3.916084755818794,5.114720203969166,6.088436197039487,1.8652582525982029,82.31411526057101,83.30608946704118,35841.0,27.440517925223823,2
3.35347761380385,4.226126349249449,5.934257395772336,5.789792054983571,2.352802808161676,82.15566806981249,73.58430825719729,86462.0,24.9905281596951,2
2.792720514278562,3.8841192694090583,6.164316639477685,7.567861838909615,-11.367563325874634,76.2734636348254,96.00621936859932,51099.0,14.761852056481402,2
1.9203026160411516,4.411602412062843,6.214003940375471,9.194241658526078,-2.0490698375930694,81.90451780822805,67.52086937519357,45569.0,19.78897176647338,2
2.8769301714898603,4.2878104342947285,4.823946659047287,5.922845263147886,0.4186422863358076,86.1374028098957,95.59660467910376,82246.0,12.676574691409805,2
2.6090178146935967,4.50427147711346,6.386416102632583,11.391193485713348,-0.9621424080183992,82.53167146290481,75.93923770740024,30732.0,24.33683858448766,2
4.255173731709571,4.804267357691739,7.969384120467646,5.594712429613179,-6.086035056812593,83.68076295444087,66.00748533023437,92645.0,13.720131883045244,2
3.947126078175188,2.9693917871075053,3.9764619460553607,6.878800883285772,-1.990966491480859,83.40177202489426,86.03364484099308,79615.0,20.71604102307627,0
1.9776893077226048,2.642302439961183,6.75020527641796,7.434456433380236,8.64418441127133,91.79201921534045,87.66959320148877,105179.0,10.162788627078122,2
4.167168368404117,3.733498134970029,4.523120027975245,3.9499314197912994,-2.3413071835804025,78.86489867424397,83.6180667979216,70396.0,15.827413136714522,1
2.4280231867122337,3.828707202414959,8.228969121058364,7.915783947718039,3.854703746604121,85.06098923149159,86.03280954334775,56408.0,17.536939441853654,2
